[
  {
    "Nombre": "a",
    "Ganador": "a"
  },
  {
    "Nombre": "b",
    "Ganador": "a"
  },
  {
    "Nombre": "Larry",
    "Ganador": "Turtle"
  },
  {
    "Nombre": "Turtle",
    "Ganador": "Turtle"
  },
  {
    "Nombre": "Kakaroto",
    "Ganador": "Goku"
  },
  {
    "Nombre": "Goku",
    "Ganador": "Goku"
  },
  {
    "Nombre": "a",
    "Ganador": "a"
  },
  {
    "Nombre": "b",
    "Ganador": "a"
  },
  {
    "Nombre": "peru",
    "Ganador": "brasil"
  },
  {
    "Nombre": "brasil",
    "Ganador": "brasil"
  },
  {
    "Nombre": "aiuda",
    "Ganador": "aiuda"
  },
  {
    "Nombre": "perros",
    "Ganador": "aiuda"
  },
  {
    "Nombre": "prueba",
    "Ganador": "final"
  },
  {
    "Nombre": "final",
    "Ganador": "final"
  },
  {
    "Nombre": "f",
    "Ganador": "d"
  },
  {
    "Nombre": "d",
    "Ganador": "d"
  },
  {
    "Nombre": "a",
    "Ganador": "a"
  },
  {
    "Nombre": "b",
    "Ganador": "a"
  },
  {
    "Nombre": "cambio",
    "Ganador": "cambio"
  },
  {
    "Nombre": "banda",
    "Ganador": "cambio"
  },
  {
    "Nombre": "Nasheee",
    "Ganador": "Nasheee"
  },
  {
    "Nombre": "SIU",
    "Ganador": "Nasheee"
  },
  {
    "Nombre": "Cristiano",
    "Ganador": "Cristiano"
  },
  {
    "Nombre": "Messi",
    "Ganador": "Cristiano"
  }
]